Last,First,Email,GitHub,Discord
Smith,Jane,jane.smith@myuni.edu,jsmith,janesmith#1234
Doe,John,john.doe@myuni.edu,johndoe,johndoe#5678
Lee,Alice,alice.lee@myuni.edu,alicelee,alicelee#9012
Patel,Samir,samir.patel@myuni.edu,samirpatel,samirpatel#3456
Kim,Sarah,sarah.kim@myuni.edu,sarahkim,sarahkim#7890
